<?xml version="1.0" encoding="UTF-8"?>
<project-private xmlns="http://www.netbeans.org/ns/project-private/1">
    <editor-bookmarks xmlns="http://www.netbeans.org/ns/editor-bookmarks/2" lastBookmarkId="0"/>
    <open-files xmlns="http://www.netbeans.org/ns/projectui-open-files/2">
        <group>
            <file>file:/J:/javainvoice/InvoiceUdacity-java/src/com/SIJ/view/InvoiceDialog.java</file>
            <file>file:/J:/javainvoice/InvoiceUdacity-java/src/com/SIJ/model/InvoicesTableShow.java</file>
            <file>file:/J:/javainvoice/InvoiceUdacity-java/src/com/SIJ/controller/Controller.java</file>
            <file>file:/J:/javainvoice/InvoiceUdacity-java/src/com/SIJ/view/InvoiceHomePage.java</file>
            <file>file:/J:/javainvoice/InvoiceUdacity-java/src/com/SIJ/view/LineDialog.java</file>
            <file>file:/J:/javainvoice/InvoiceUdacity-java/src/com/SIJ/model/LinesTableShow.java</file>
        </group>
    </open-files>
</project-private>
